{"stat.beaconInteraction":2,"stat.useItem.minecraft.end_bricks":599,"stat.drop.minecraft.armor_stand":2,"stat.useItem.minecraft.quartz_block":1048,"stat.useItem.minecraft.painting":435,"stat.leaveGame":91,"stat.useItem.minecraft.bookshelf":101,"stat.useItem.minecraft.glowstone":355,"stat.useItem.minecraft.planks":374,"stat.useItem.minecraft.nether_brick_stairs":93,"stat.useItem.minecraft.red_sandstone_stairs":24,"stat.useItem.minecraft.water_bucket":32,"stat.useItem.minecraft.sandstone_stairs":26,"stat.useItem.minecraft.vine":171,"stat.drop.minecraft.leather_boots":2,"stat.pickup.minecraft.leather_boots":2,"stat.useItem.minecraft.anvil":19,"stat.pickup.minecraft.brown_mushroom":64,"stat.hopperInspected":8,"stat.pickup.minecraft.double_plant":1,"stat.pickup.minecraft.armor_stand":17,"stat.trappedChestTriggered":1,"stat.useItem.minecraft.oak_stairs":121,"stat.furnaceInteraction":1,"stat.useItem.minecraft.dark_oak_stairs":78,"stat.pickup.minecraft.wooden_button":3,"stat.pickup.minecraft.nether_brick":1,"stat.drop.minecraft.stone_slab":1,"stat.useItem.minecraft.end_stone":1,"stat.useItem.minecraft.double_plant":30,"stat.useItem.minecraft.redstone":9,"stat.useItem.minecraft.red_sandstone":21,"stat.useItem.minecraft.trapdoor":270,"stat.useItem.minecraft.stained_glass":594,"stat.useItem.minecraft.fence":223,"stat.useItem.minecraft.stone_stairs":19,"stat.pickup.minecraft.skull":1,"stat.pickup.minecraft.acacia_door":16,"stat.useItem.minecraft.dark_oak_door":23,"stat.useItem.minecraft.acacia_fence":9,"stat.pickup.minecraft.potion":2,"stat.useItem.minecraft.cauldron":74,"stat.useItem.minecraft.flint_and_steel":1,"stat.useItem.minecraft.wooden_button":67,"stat.useItem.minecraft.hopper":84,"stat.useItem.minecraft.dye":2940,"stat.pickup.minecraft.lever":14,"stat.playOneMinute":2741068,"stat.useItem.minecraft.nether_brick":72,"stat.chestOpened":8,"stat.pickup.minecraft.spruce_door":9,"stat.useItem.minecraft.stone":1125,"stat.useItem.minecraft.jungle_fence":34,"stat.pickup.minecraft.wooden_pressure_plate":2,"stat.useItem.minecraft.ender_chest":13,"stat.useItem.minecraft.trapped_chest":13,"stat.crouchOneCm":129544,"stat.useItem.minecraft.nether_brick_fence":80,"stat.pickup.minecraft.painting":4,"stat.pickup.minecraft.red_mushroom":64,"stat.craftingTableInteraction":31,"stat.dropperInspected":4,"stat.pickup.minecraft.heavy_weighted_pressure_plate":1,"stat.pickup.minecraft.jungle_door":25,"stat.pickup.minecraft.comparator":3,"stat.useItem.minecraft.dark_oak_fence":40,"stat.useItem.minecraft.furnace":12,"stat.pickup.minecraft.dye":147,"stat.pickup.minecraft.wheat_seeds":36,"stat.useItem.minecraft.wool":195,"stat.useItem.minecraft.iron_bars":189,"stat.flowerPotted":30,"stat.pickup.minecraft.flint_and_steel":1,"stat.useItem.minecraft.torch":2,"stat.useItem.minecraft.log":1119,"stat.pickup.minecraft.crafting_table":2,"stat.useItem.minecraft.cobblestone":25,"stat.craftItem.minecraft.leather_boots":31,"stat.pickup.minecraft.log":64,"stat.useItem.minecraft.jungle_fence_gate":1,"stat.pickup.minecraft.compass":75,"stat.pickup.minecraft.chicken":1,"stat.pickup.minecraft.sapling":194,"stat.pickup.minecraft.wooden_door":52,"stat.useItem.minecraft.glass_pane":674,"stat.pickup.minecraft.banner":5,"stat.useItem.minecraft.jungle_door":8,"stat.useItem.minecraft.daylight_detector":18,"stat.useItem.minecraft.wooden_pressure_plate":24,"stat.useItem.minecraft.stonebrick":129,"stat.useItem.minecraft.wooden_door":49,"stat.useItem.minecraft.monster_egg":4,"stat.useItem.minecraft.spruce_door":19,"stat.pickup.minecraft.iron_door":80,"stat.drop.minecraft.leather_leggings":1,"stat.pickup.minecraft.red_flower":11,"stat.sneakTime":121060,"stat.useItem.minecraft.brewing_stand":24,"stat.pickup.minecraft.stone_slab":1,"stat.pickup.minecraft.yellow_flower":7,"stat.drop.minecraft.wooden_axe":10,"stat.craftItem.minecraft.leather_leggings":31,"stat.pickup.minecraft.bone":64,"stat.pickup.minecraft.redstone_torch":3,"stat.pickup.minecraft.stone_pressure_plate":2,"stat.useItem.minecraft.beacon":25,"stat.useItem.minecraft.skull":3,"stat.pickup.minecraft.leather_chestplate":5,"stat.pickup.minecraft.flower_pot":1,"stat.useItem.minecraft.silver_glazed_terracotta":2,"stat.swimOneCm":177713,"stat.climbOneCm":877,"stat.useItem.minecraft.end_rod":108,"stat.useItem.minecraft.coal_block":109,"stat.enderchestOpened":1,"stat.useItem.minecraft.obsidian":13,"stat.useItem.minecraft.dirt":101,"stat.useItem.minecraft.stone_slab2":32643,"stat.pickup.minecraft.end_portal_frame":12,"stat.useItem.minecraft.leaves2":3,"stat.flyOneCm":47517405,"stat.pickup.minecraft.cactus":64,"stat.timeSinceDeath":2741068,"stat.useItem.minecraft.sign":305,"stat.cauldronFilled":24,"stat.useItem.minecraft.wooden_slab":966,"stat.useItem.minecraft.iron_door":118,"stat.useItem.minecraft.noteblock":5,"stat.useItem.minecraft.lever":89,"stat.pickup.minecraft.wooden_axe":12,"stat.pickup.minecraft.dark_oak_door":7,"stat.pickup.minecraft.carpet":22,"stat.pickup.minecraft.diamond_shovel":1,"stat.useItem.minecraft.armor_stand":68,"stat.useItem.minecraft.sea_lantern":186,"stat.drop.minecraft.compass":10,"stat.useItem.minecraft.spruce_fence":222,"stat.useItem.minecraft.dropper":6,"stat.sprintOneCm":68448,"stat.drop.minecraft.potion":1,"stat.useItem.minecraft.stone_slab":5276,"stat.useItem.minecraft.stone_pressure_plate":53,"stat.pickup.minecraft.leather_leggings":4,"stat.drop":29,"stat.craftItem.minecraft.leather_chestplate":31,"stat.pickup.minecraft.stone_button":6,"stat.useItem.minecraft.banner":36,"stat.useItem.minecraft.ladder":23,"stat.useItem.minecraft.birch_stairs":10,"stat.diveOneCm":135231,"stat.pickup.minecraft.sign":96,"stat.useItem.minecraft.quartz_stairs":348,"stat.useItem.minecraft.black_glazed_terracotta":1,"stat.pickup.minecraft.obsidian":64,"stat.useItem.minecraft.carpet":1393,"stat.useItem.minecraft.heavy_weighted_pressure_plate":13,"stat.useItem.minecraft.stained_glass_pane":573,"stat.pickup.minecraft.diamond_sword":1,"stat.useItem.minecraft.flower_pot":31,"stat.useItem.minecraft.bedrock":810,"stat.jump":3695,"stat.useItem.minecraft.iron_trapdoor":8,"stat.useItem.minecraft.sand":1,"stat.pickup.minecraft.coal":64,"stat.pickup.minecraft.iron_ingot":64,"stat.useItem.minecraft.stone_button":121,"stat.useItem.minecraft.light_weighted_pressure_plate":1,"stat.useItem.minecraft.glass":56,"stat.useItem.minecraft.dispenser":6,"stat.useItem.minecraft.sapling":1,"stat.useItem.minecraft.redstone_lamp":29,"stat.useItem.minecraft.stone_brick_stairs":4,"stat.pickup.minecraft.dark_oak_fence":1,"stat.dispenserInspected":22,"stat.useItem.minecraft.acacia_door":7,"stat.noteblockTuned":3,"stat.pickup.minecraft.ender_eye":12,"stat.pickup.minecraft.reeds":64,"stat.pickup.minecraft.bed":41,"stat.useItem.minecraft.birch_fence":48,"stat.useItem.minecraft.magma":118,"stat.pickup.minecraft.diamond_axe":1,"stat.damageDealt":10,"stat.useItem.minecraft.crafting_table":17,"stat.walkOneCm":2530644,"stat.useItem.minecraft.chest":100,"stat.pickup.minecraft.diamond_pickaxe":1,"stat.useItem.minecraft.observer":2,"stat.useItem.minecraft.dark_oak_fence_gate":2,"stat.useItem.minecraft.redstone_block":2,"stat.useItem.minecraft.item_frame":194,"stat.drop.minecraft.leather_chestplate":1,"stat.useItem.minecraft.birch_fence_gate":1,"stat.useItem.minecraft.spruce_stairs":151,"stat.useItem.minecraft.stained_hardened_clay":334,"stat.useItem.minecraft.leaves":2817,"stat.useItem.minecraft.redstone_ore":63,"stat.pickup.minecraft.ladder":4,"stat.useItem.minecraft.concrete":32,"stat.useItem.minecraft.netherrack":1,"stat.useItem.minecraft.tripwire_hook":9,"stat.drop.minecraft.crafting_table":1,"stat.useItem.minecraft.iron_block":249,"stat.pickup.minecraft.water_bucket":2,"stat.useItem.minecraft.cobblestone_wall":802,"stat.pickup.minecraft.torch":64,"stat.useItem.minecraft.sandstone":458}